-- This sample data was generated by AI for accuracy

-- Insert Nations
INSERT INTO Nation (nation_id, name, alliance) VALUES
(1, 'United Kingdom', 'Entente'),
(2, 'France', 'Entente'),
(3, 'Russia', 'Entente'),
(4, 'Germany', 'Central Powers'),
(5, 'Austro-Hungary', 'Central Powers'),
(6, 'Ottoman Empire', 'Central Powers'),
(7, 'Italy', 'Entente'),
(8, 'United States', 'Entente'),
(9, 'Canada', 'Entente'),
(10, 'Belgium', 'Entente');

-- Insert Locations
INSERT INTO Location (location_id, name, country, type) VALUES
(1, 'Verdun', 'France', 'town'),
(2, 'Ypres', 'Belgium', 'town'),
(3, 'Somme River', 'France', 'ridge'),
(4, 'Passchendaele', 'Belgium', 'ridge'),
(5, 'Marne River', 'France', 'ridge'),
(6, 'Gallipoli Peninsula', 'Ottoman Empire', 'ridge'),
(7, 'Albert', 'France', 'town'),
(8, 'Bapaume', 'France', 'town'),
(9, 'Langemarck', 'Belgium', 'town'),
(10, 'Menin Road', 'Belgium', 'ridge'),
(11, 'Dardanelles', 'Ottoman Empire', 'ridge'),
(12, 'Amiens', 'France', 'town');

-- Insert Battles
INSERT INTO Battle (battle_id, name, start_date, end_date, location_id, outcome, total_casualties, allied_casualties, central_casualties) VALUES
(1, 'Battle of Verdun', '1916-02-21', '1916-12-18', 1, 'Stalemate', 714000, 377231, 337000),
(2, 'Second Battle of Ypres', '1915-04-22', '1915-05-25', 2, 'Stalemate', 104000, 69000, 35000),
(3, 'Battle of the Somme', '1916-07-01', '1916-11-18', 3, 'Stalemate', 1265000, 623000, 465000),
(4, 'Battle of Passchendaele', '1917-07-31', '1917-11-10', 4, 'Entente Victory', 487000, 325000, 162000),
(5, 'First Battle of the Marne', '1914-09-06', '1914-09-12', 5, 'Entente Victory', 500000, 263000, 237000),
(6, 'Hundred Days Offensive', '1918-08-08', '1918-11-11', 12, 'Entente Victory', 1855000, 1070000, 785000),
(7, 'Gallipoli Campaign', '1915-04-25', '1916-01-09', 6, 'Central Powers Victory', 473000, 252000, 221000);

-- Insert Commanders
INSERT INTO Commander (commander_id, name, nation_id, rank, service_start_date, service_end_date) VALUES
(1, 'Joseph Joffre', 2, 'Marshal of France', '1914-08-01', '1916-12-26'),
(2, 'Sir John French', 1, 'Field Marshal', '1914-08-04', '1915-12-17'),
(3, 'Erich von Falkenhayn', 4, 'General', '1914-09-14', '1916-08-29'),
(4, 'Erich Ludendorff', 4, 'General', '1914-08-01', '1918-10-26'),
(5, 'Winston Churchill', 1, 'First Lord of the Admiralty', '1911-10-24', '1915-05-25'),
(6, 'Sir Douglas Haig', 1, 'Field Marshal', '1915-12-17', '1919-01-01'),
(7, 'Ferdinand Foch', 2, 'Marshal of France', '1914-08-01', '1919-01-01'),
(8, 'Paul von Hindenburg', 4, 'Field Marshal', '1914-08-01', '1918-11-11'),
(9, 'Philippe Pétain', 2, 'Marshal of France', '1914-08-01', '1918-11-11'),
(10, 'Crown Prince Wilhelm', 4, 'General', '1914-08-01', '1918-11-11');

-- Insert Military Units
INSERT INTO Military_Unit (unit_id, name, nation_id, unit_type, estimated_size) VALUES
(1, 'British Expeditionary Force', 1, 'Army Group', 120000),
(2, 'British Fourth Army', 1, 'Army', 500000),
(3, 'French First Army', 2, 'Army', 300000),
(4, 'French Second Army', 2, 'Army', 280000),
(5, 'German Fifth Army', 4, 'Army', 350000),
(6, 'German Fourth Army', 4, 'Army', 320000),
(7, '1st Canadian Division', 9, 'Division', 18000),
(8, 'French Sixth Army', 2, 'Army', 250000),
(9, 'German Eighth Army', 4, 'Army', 180000),
(10, 'Russian Second Army', 3, 'Army', 230000),
(11, 'ANZAC Corps', 1, 'Corps', 60000),
(12, 'German XV Reserve Corps', 4, 'Corps', 35000),
(13, 'British Third Army', 1, 'Army', 400000),
(14, 'Ottoman Third Army', 6, 'Army', 150000),
(15, 'Canadian Corps', 9, 'Corps', 80000);

-- Insert Battle-Unit relationships
INSERT INTO Battle_Unit (battle_id, unit_id, casualties) VALUES
-- Battle of Verdun
(1, 4, 162000),  -- French Second Army
(1, 5, 143000),  -- German Fifth Army

-- Second Battle of Ypres  
(2, 1, 59000),   -- British Expeditionary Force
(2, 7, 6000),    -- 1st Canadian Division
(2, 6, 35000),   -- German Fourth Army

-- Battle of the Somme
(3, 2, 420000),  -- British Fourth Army
(3, 3, 200000),  -- French First Army  
(3, 5, 465000),  -- German Fifth Army

-- Battle of Passchendaele
(4, 2, 244000),  -- British Fourth Army
(4, 15, 16000),  -- Canadian Corps
(4, 6, 162000),  -- German Fourth Army

-- First Battle of the Marne
(5, 8, 163000),  -- French Sixth Army
(5, 1, 12000),   -- British Expeditionary Force
(5, 9, 60000),   -- German Eighth Army

-- Hundred Days Offensive
(6, 2, 350000),  -- British Fourth Army
(6, 3, 240000),  -- French First Army
(6, 15, 45000),  -- Canadian Corps
(6, 5, 420000),  -- German Fifth Army

-- Gallipoli Campaign
(7, 11, 142000), -- ANZAC Corps
(7, 1, 110000),  -- British Expeditionary Force
(7, 14, 186000); -- Ottoman Third Army

-- Insert Unit-Commander relationships
INSERT INTO Unit_Commander (unit_id, commander_id, battle_id) VALUES
-- Verdun
(4, 9, 1),  -- Pétain commanded French Second Army at Verdun
(5, 10, 1), -- Crown Prince Wilhelm commanded German Fifth Army at Verdun

-- Second Battle of Ypres
(1, 2, 2),  -- Sir John French commanded BEF at Second Ypres
(7, 2, 2),  -- Sir John French also commanded Canadian Division at Second Ypres

-- Battle of the Somme
(2, 6, 3),  -- Haig commanded British Fourth Army at Somme
(3, 1, 3),  -- Joffre commanded French First Army at Somme

-- Battle of Passchendaele  
(2, 6, 4),  -- Haig commanded British Fourth Army at Passchendaele
(15, 6, 4), -- Haig also commanded Canadian Corps at Passchendaele

-- First Battle of the Marne
(8, 1, 5),  -- Joffre commanded French Sixth Army at Marne
(1, 2, 5),  -- Sir John French commanded BEF at Marne

-- Hundred Days Offensive
(2, 6, 6),  -- Haig commanded British Fourth Army
(3, 7, 6),  -- Foch commanded French First Army  
(15, 6, 6), -- Haig commanded Canadian Corps

-- Gallipoli Campaign
(11, 5, 7), -- Churchill oversaw ANZAC Corps at Gallipoli
(1, 6, 7),  -- Haig commanded BEF units at Gallipoli
(14, 3, 7); -- Falkenhayn advised Ottoman Third Army